<elements>
  <namespace ns="">
    <summary><![CDATA[To be added.]]></summary>
    <remarks><![CDATA[To be added.]]></remarks>
  </namespace>
  <namespace ns="ExitGames.Client.Photon.Lite">
    <summary><![CDATA[To be added.]]></summary>
    <remarks><![CDATA[To be added.]]></remarks>
  </namespace>
  <namespace ns="ExitGames.Client.Photon">
    <summary><![CDATA[To be added.]]></summary>
    <remarks><![CDATA[To be added.]]></remarks>
  </namespace>
  <namespace ns="Photon.SocketServer.Security">
    <summary><![CDATA[To be added.]]></summary>
    <remarks><![CDATA[To be added.]]></remarks>
  </namespace>
</elements>